to bake (Infinitive)	backen	backen	B1	Ich werde morgen Kuchen backen.	I will bake a cake tomorrow.	Infinitive
to command - Infinitive	befehlen	befehlen	B2	Der General befiehlt seinen Soldaten.	The general orders his soldiers.	Infinitive
to begin - Infinitive	beginnen	beginnen	A2	Die Vorstellung beginnt um 20 Uhr.	The show begins at 8 PM.	Infinitive
to bite - Infinitive	beißen	beißen	A2	Der Hund darf nicht beißen.	The dog is not allowed to bite.	Infinitive
to rescue - Infinitive	bergen	bergen	B2	Die Bergwacht wird die Verletzten bergen.	The mountain rescue will recover the injured.	Infinitive
to burst - Infinitive	bersten	bersten	C1	Die Seifenblase wird gleich bersten.	The soap bubble is about to burst.	Infinitive
to move - Infinitive	bewegen*	bewegen*	B1	Du musst dich mehr bewegen.	You need to move more.	Infinitive
to bend - Infinitive	biegen	biegen	B2	Bitte biege links ab.	Please turn left.	Infinitive
to offer - Infinitive	bieten	bieten	A2	Ich biete dir meine Hilfe an.	I offer you my help.	Infinitive
to bind - Infinitive	binden	binden	A2	Sie wird ihre Haare binden.	She will tie her hair.	Infinitive
to request - Infinitive	bitten	bitten	A1	Ich möchte dich um einen Gefallen bitten.	I would like to ask you for a favor.	Infinitive
to blow - Infinitive	blasen	blasen	B1	Der Wind wird stark blasen.	The wind will blow strongly.	Infinitive
to remain - Infinitive	bleiben	bleiben	A1	Wir werden hier bleiben.	We will stay here.	Infinitive
to fry - Infinitive	braten	braten	A2	Heute Abend werde ich Fisch braten.	Tonight, I will fry fish.	Infinitive
to break - Infinitive	brechen	brechen	A1	Bitte breche das Brot.	Please break the bread.	Infinitive
to burn - Infinitive	brennen	brennen	A1	Das Feuer wird die ganze Nacht brennen.	The fire will burn all night.	Infinitive
to bring - Infinitive	bringen	bringen	A1	Kannst du mir bitte Wasser bringen?	Can you please bring me water?	Infinitive
to think - Infinitive	denken	denken	A1	Ich denke oft an dich.	I often think of you.	Infinitive
to thrash - Infinitive	dreschen	dreschen	B2	Die Bauern werden das Getreide dreschen.	The farmers will thresh the grain.	Infinitive
to get through - Infinitive	dringen	dringen	C1	Die Nachricht wird schnell zu ihnen dringen.	The news will quickly reach them.	Infinitive
to be allowed (may) - Infinitive	dürfen	dürfen	A1	Du darfst das nicht tun.	You are not allowed to do that.	Infinitive
to recommend - Infinitive	empfehlen	empfehlen	B1	Der Arzt wird dir ein Medikament empfehlen.	The doctor will recommend medication to you.	Infinitive
to climb - Infinitive	erklimmen	erklimmen	C1	Die Bergsteiger werden den Gipfel erklimmen.	The mountaineers will climb the summit.	Infinitive
to expire - Infinitive	erlöschen	erlöschen	C1	Die Kerzen werden langsam erlöschen.	The candles will slowly go out.	Infinitive
to frighten, to be startled - Infinitive	erschrecken*	erschrecken*	B1	Der laute Knall wird uns erschrecken.	The loud bang will scare us.	Infinitive
to eat - Infinitive	essen	essen	A1	Wir werden zusammen essen.	We will eat together.	Infinitive
to consider - Infinitive	erwägen	erwägen	B2	Wir sollten alle Optionen erwägen.	We should consider all options.	Infinitive
to drive - Infinitive	fahren	fahren	A1	Morgen werde ich nach Berlin fahren.	Tomorrow, I will drive to Berlin.	Infinitive
to fall - Infinitive	fallen	fallen	A1	Das Blatt wird vom Baum fallen.	The leaf will fall from the tree.	Infinitive
to catch - Infinitive	fangen	fangen	A2	Wir werden am Wochenende Fußball spielen und Bälle fangen.	We will play soccer and catch balls on the weekend.	Infinitive
to fence - Infinitive	fechten	fechten	B2	Die Fechter werden im Turnier antreten.	The fencers will compete in the tournament.	Infinitive
to find - Infinitive	finden	finden	A1	Ich hoffe, wir werden eine Lösung finden.	I hope we will find a solution.	Infinitive
to fly - Infinitive	fliegen	fliegen	A2	Die Vögel werden in den Süden fliegen.	The birds will fly to the south.	Infinitive
to flee - Infinitive	fliehen	fliehen	B2	Die Gefangenen werden versuchen zu fliehen.	The prisoners will try to escape.	Infinitive
to flow - Infinitive	fließen	fließen	B2	Das Wasser wird ruhig fließen.	The water will flow calmly.	Infinitive
to devour - Infinitive	fressen	fressen	A1	Die Tiere werden ihr Futter fressen.	The animals will eat their food.	Infinitive
to freeze - Infinitive	frieren	frieren	A2	Im Winter wird es oft frieren.	In winter, it will often freeze.	Infinitive
to ferment - Infinitive	gären	gären	C1	Der Wein wird in den Fässern gären.	The wine will ferment in the barrels.	Infinitive
to bear (give birth) - Infinitive	gebären	gebären	C1	Die Katze wird bald ihre Jungen gebären.	The cat will soon give birth to her kittens.	Infinitive
to give - Infinitive	geben	geben	A1	Ich werde dir ein Geschenk geben.	I will give you a gift.	Infinitive
to thrive - Infinitive	gedeihen	gedeihen	C1	Die Pflanzen werden gut gedeihen, wenn sie genug Wasser haben.	The plants will thrive well if they have enough water.	Infinitive
to go - Infinitive	gehen	gehen	A1	Wir werden einen Spaziergang im Park machen.	We will take a walk in the park.	Infinitive
to be successful - Infinitive	gelingen	gelingen	B2	Ich hoffe, dass alles gut gelingen wird.	I hope that everything will go well.	Infinitive
to pertain - Infinitive	gelten	gelten	B2	Diese Regel wird ab heute gelten.	This rule will be in effect from today.	Infinitive
to recover - Infinitive	genesen	genesen	B2	Die Kranken werden hoffentlich bald genesen.	The sick people will hopefully recover soon.	Infinitive
to enjoy - Infinitive	genießen	genießen	B2	Wir werden das Essen genießen.	We will enjoy the food.	Infinitive
to happen - Infinitive	geschehen	geschehen	B2	Das Unglück wird leider geschehen.	Unfortunately, the disaster will happen.	Infinitive
to win - Infinitive	gewinnen	gewinnen	B1	Wir werden das Spiel gewinnen.	We will win the game.	Infinitive
to pour - Infinitive	gießen	gießen	B1	Die Blumen werden gegossen.	The flowers will be watered.	Infinitive
to resemble - Infinitive	gleichen	gleichen	B2	Die Zwillinge werden sich immer gleichen.	The twins will always resemble each other.	Infinitive
to glide - Infinitive	gleiten	gleiten	B2	Das Boot wird sanft über das Wasser gleiten.	The boat will glide gently over the water.	Infinitive
to dig - Infinitive	graben	graben	B1	Die Archäologen werden nach Überresten graben.	The archaeologists will dig for remains.	Infinitive
to grasp - Infinitive	greifen	greifen	B1	Die Hand wird nach dem Ball greifen.	The hand will reach for the ball.	Infinitive
to have - Infinitive	haben	haben	A1	Ich werde immer Zeit für dich haben.	I will always have time for you.	Infinitive
to hold; to stop - Infinitive	halten	halten	A1	Bitte halte den Bus für mich an.	Please stop the bus for me.	Infinitive
to hang - Infinitive	hängen	hängen	A1	Das Bild wird an der Wand hängen.	The picture will hang on the wall.	Infinitive
to hit - Infinitive	hauen	hauen	B2	Der Holzfäller wird den Baum hauen.	The lumberjack will chop down the tree.	Infinitive
to lift - Infinitive	heben	heben	A1	Die Kran wird die schwere Last heben.	The crane will lift the heavy load.	Infinitive
to be called - Infinitive	heißen	heißen	A1	Du wirst mich am Flughafen heißen.	You will welcome me at the airport.	Infinitive
to help - Infinitive	helfen	helfen	A1	Ich werde dir beim Umzug helfen.	I will help you with the move.	Infinitive
to know (be familiar with) - Infinitive	kennen	kennen	A1	Ich werde dich bald besser kennen.	I will soon know you better.	Infinitive
to sound; to ring - Infinitive	klingen	klingen	B2	Die Glocken werden zum Gottesdienst klingen.	The bells will ring for the church service.	Infinitive
to pinch - Infinitive	kneifen	kneifen	B2	Der Schuh wird vielleicht kneifen.	The shoe might pinch.	Infinitive
to come - Infinitive	kommen	kommen	A1	Die Gäste werden bald kommen.	The guests will arrive soon.	Infinitive
to be able (can) - Infinitive	können	können	A1	Du wirst es schaffen, du kannst es.	You will make it, you can do it.	Infinitive
to crawl - Infinitive	kriechen	kriechen	B1	Die Schlange wird durch das Gras kriechen.	The snake will crawl through the grass.	Infinitive
to load - Infinitive	laden	laden	A2	Ich werde mein Handy am Abend laden.	I will charge my phone in the evening.	Infinitive
to let - Infinitive	lassen	lassen	A1	Die Eltern werden die Kinder spielen lassen.	The parents will let the children play.	Infinitive
to run, walk - Infinitive	laufen	laufen	A1	Die Sportler werden um die Wette laufen.	The athletes will run a race.	Infinitive
to suffer - Infinitive	leiden	leiden	A2	Die Kranken werden unter Schmerzen leiden.	The sick people will suffer from pain.	Infinitive
to lend; to borrow - Infinitive	leihen	leihen	B1	Kannst du mir dein Buch leihen?	Can you lend me your book?	Infinitive
to read - Infinitive	lesen	lesen	A1	Die Schüler werden das Buch lesen.	The students will read the book.	Infinitive
to lie (lie down) - Infinitive	liegen	liegen	A1	Die Schlüssel werden auf dem Tisch liegen.	The keys will be on the table.	Infinitive
to lie (tell a falsehood) - Infinitive	lügen	lügen	B2	Man soll nicht lügen.	One should not lie.	Infinitive
to avoid - Infinitive	meiden	meiden	B1	Die Tiere werden den Menschen meiden.	The animals will avoid the humans.	Infinitive
to milk - Infinitive	melken	melken	B2	Die Bäuerin wird die Kühe melken.	The farmer's wife will milk the cows.	Infinitive
to measure - Infinitive	messen	messen	B1	Der Arzt wird den Blutdruck messen.	The doctor will measure the blood pressure.	Infinitive
to fail - Infinitive	misslingen	misslingen	B2	Das Experiment wird leider misslingen.	Unfortunately, the experiment will fail.	Infinitive
to like - Infinitive	mögen	mögen	A1	Kinder mögen Schokolade.	Children like chocolate.	Infinitive
to have to (must) - Infinitive	müssen	müssen	A1	Du wirst das tun müssen.	You will have to do that.	Infinitive
to take - Infinitive	nehmen	nehmen	A1	Ich werde die Blumen mitnehmen.	I will take the flowers with me.	Infinitive
to call, name - Infinitive	nennen	nennen	A2	Der Lehrer wird die Namen der Schüler nennen.	The teacher will call out the names of the students.	Infinitive
to whistle - Infinitive	pfeifen	pfeifen	B2	Der Schiedsrichter wird ins Pfeifen.	The referee will blow the whistle.	Infinitive
to praise - Infinitive	preisen	preisen	B2	Die Dichterin wird die Schönheit der Natur preisen.	The poetess will praise the beauty of nature.	Infinitive
to gush - Infinitive	quellen	quellen	C1	Der Teig wird quellen.	The dough will swell.	Infinitive
to guess; to advise - Infinitive	raten	raten	B1	Der Freund wird mir einen Rat geben.	The friend will give me advice.	Infinitive
to rub - Infinitive	reiben	reiben	B2	Ich werde die Hände reiben, um sie zu wärmen.	I will rub my hands to warm them.	Infinitive
to rip - Infinitive	reißen	reißen	B2	Die starken Winde werden Äste von den Bäumen reißen.	The strong winds will tear branches off the trees.	Infinitive
to ride - Infinitive	reiten	reiten	A2	Die Reiter werden einen Ausritt machen.	The riders will go on a ride.	Infinitive
to run, race - Infinitive	rennen	rennen	A2	Die Kinder werden im Garten rennen.	The children will run in the garden.	Infinitive
to smell - Infinitive	riechen	riechen	A2	Der Duft wird durch das ganze Haus riechen.	The fragrance will spread throughout the house.	Infinitive
to struggle - Infinitive	ringen	ringen	B2	Die beiden Kämpfer werden um den Sieg ringen.	The two fighters will struggle for victory.	Infinitive
to trickle - Infinitive	rinnen	rinnen	B2	Das Wasser wird aus dem Eimer rinnen.	The water will flow out of the bucket.	Infinitive
to call - Infinitive	rufen	rufen	A1	Der Lehrer wird nach den Schülern rufen.	The teacher will call out to the students.	Infinitive
to guzzle; to tipple - Infinitive	saufen	saufen	B2	Die Pferde werden aus dem Trog saufen.	The horses will drink from the trough.	Infinitive
to suck, to vacuum - Infinitive	saugen*	saugen*	B1	Der Staubsauger wird den Teppich saugen.	The vacuum cleaner will suck up the carpet.	Infinitive
to create, to manage - Infinitive	schaffen*	schaffen*	B1	Wir werden das Projekt rechtzeitig schaffen.	We will finish the project on time.	Infinitive
to separate - Infinitive	scheiden	scheiden	C1	Die Eheleute werden sich scheiden lassen.	The couple will get divorced.	Infinitive
to shine; to seem - Infinitive	scheinen	scheinen	B1	Die Sonne wird morgen scheinen.	The sun will shine tomorrow.	Infinitive
to scold - Infinitive	schelten	schelten	C1	Die Mutter wird die Kinder schelten.	The mother will scold the children.	Infinitive
to shear - Infinitive	scheren	scheren	B2	Der Friseur wird die Haare scheren.	The hairdresser will cut the hair.	Infinitive
to push - Infinitive	schieben	schieben	A2	Die Arbeiter werden die Kisten schieben.	The workers will push the crates.	Infinitive
to shoot - Infinitive	schießen	schießen	A2	Der Spieler wird auf das Tor schießen.	The player will shoot at the goal.	Infinitive
to overwork [someone] - Infinitive	schinden	schinden	C1	Der Skilehrer wird die Pisten schinden.	The ski instructor will groom the slopes.	Infinitive
to sleep - Infinitive	schlafen	schlafen	A1	Die Kinder werden bald schlafen gehen.	The children will go to sleep soon.	Infinitive
to hit, strike - Infinitive	schlagen	schlagen	A1	Der Boxer wird seinen Gegner schlagen.	The boxer will beat his opponent.	Infinitive
to sneak - Infinitive	schleichen	schleichen	B2	Die Katze wird sich leise anschleichen.	The cat will sneak up quietly.	Infinitive
to grind - Infinitive	schleifen	schleifen	B2	Der Steinmetz wird den Marmor schleifen.	The stonemason will polish the marble.	Infinitive
to close - Infinitive	schließen	schließen	A1	Die Tür wird sich automatisch schließen.	The door will close automatically.	Infinitive
to loop; to gulp - Infinitive	schlingen	schlingen	C1	Die Schlange wird sich um den Ast schlingen.	The snake will coil around the branch.	Infinitive
to throw, fling - Infinitive	schmeißen	schmeißen	B2	Die Kinder werden mit Schneebällen werfen.	The children will throw snowballs.	Infinitive
to melt - Infinitive	schmelzen	schmelzen	B1	Die Schokolade wird in der Sonne schmelzen.	The chocolate will melt in the sun.	Infinitive
to cut - Infinitive	schneiden	schneiden	A1	Der Koch wird das Gemüse schneiden.	The chef will cut the vegetables.	Infinitive
to write - Infinitive	schreiben	schreiben	A1	Die Schriftstellerin wird ein neues Buch schreiben.	The writer will write a new book.	Infinitive
to scream, cry - Infinitive	schreien	schreien	A1	Die Kinder werden vor Freude schreien.	The children will scream with joy.	Infinitive
to stride, step - Infinitive	schreiten	schreiten	B2	Die Braut wird zum Altar schreiten.	The bride will walk to the altar.	Infinitive
to be silent - Infinitive	schweigen	schweigen	B2	Die Menschen werden schweigen, um zuzuhören.	The people will be silent to listen.	Infinitive
to swell - Infinitive	schwellen	schwellen	C1	Die Flüsse werden nach dem Regen anschwellen.	The rivers will swell after the rain.	Infinitive
to swim - Infinitive	schwimmen	schwimmen	A2	Die Kinder werden im See schwimmen.	The children will swim in the lake.	Infinitive
to fade, disappear - Infinitive	schwinden	schwinden	B2	Das Vertrauen wird langsam schwinden.	Trust will slowly fade away.	Infinitive
to sway; to wield - Infinitive	schwingen	schwingen	B2	Die Turner werden sich am Reck schwingen.	The gymnasts will swing on the high bar.	Infinitive
to swear - Infinitive	schwören	schwören	C1	Die Ritter werden einen Eid schwören.	The knights will swear an oath.	Infinitive
to see - Infinitive	sehen	sehen	A1	Wir werden den Film im Kino sehen.	We will watch the movie in the cinema.	Infinitive
to be - Infinitive	sein	sein	A1	Das wird schwierig sein.	That will be difficult.	Infinitive
to send - Infinitive	senden	senden	B1	Der Radiosender wird die Nachrichten senden.	The radio station will broadcast the news.	Infinitive
to sing - Infinitive	singen	singen	A1	Die Sänger werden auf der Bühne singen.	The singers will perform on stage.	Infinitive
to sink - Infinitive	sinken	sinken	A2	Das Schiff wird langsam im Wasser sinken.	The ship will slowly sink in the water.	Infinitive
to ponder - Infinitive	sinnen	sinnen	C1	Der Denker wird über die Philosophie sinnen.	The thinker will contemplate philosophy	Infinitive
to sit - Infinitive	sitzen	sitzen	A1	Ich möchte auf dem Stuhl sitzen.	I want to sit on the chair.	Infinitive
to ought to (should) - Infinitive	sollen	sollen	A1	Du sollst deine Hausaufgaben machen.	You should do your homework.	Infinitive
to spit - Infinitive	speien	speien	C1	Der Drache kann Feuer speien.	The dragon can spew fire.	Infinitive
to spin; to be crazy - Infinitive	spinnen	spinnen	C1	Die Spinne spinnt ein Netz.	The spider is spinning a web.	Infinitive
to speak - Infinitive	sprechen	sprechen	A1	Wir sprechen Deutsch.	We speak German.	Infinitive
to sprout - Infinitive	sprießen	sprießen	C1	Die Pflanzen sprießen im Frühling.	Plants sprout in spring.	Infinitive
to jump - Infinitive	springen	springen	A1	Der Hase kann hoch springen.	The rabbit can jump high.	Infinitive
to stab, prick - Infinitive	stechen	stechen	A2	Die Biene kann stechen.	The bee can sting.	Infinitive
to stand - Infinitive	stehen	stehen	A1	Bitte stehen Sie auf.	Please stand up.	Infinitive
to steal - Infinitive	stehlen	stehlen	A2	Die Diebe wollen das Auto stehlen.	The thieves want to steal the car.	Infinitive
to climb, mount - Infinitive	steigen	steigen	A2	Die Preise steigen ständig.	Prices are constantly rising.	Infinitive
to die - Infinitive	sterben	sterben	A1	Alle Menschen müssen sterben.	All people must die.	Infinitive
to stink - Infinitive	stinken	stinken	B2	Der Müll kann stark stinken.	The trash can smell strongly.	Infinitive
to bump - Infinitive	stoßen	stoßen	A1	Vorsichtig, du könntest gegen die Wand stoßen.	Be careful, you could bump into the wall.	Infinitive
to cancel, delete - Infinitive	streichen	streichen	A2	Wir müssen die Wände streichen.	We need to paint the walls.	Infinitive
to quarrel - Infinitive	streiten	streiten	A2	Geschwister streiten oft miteinander.	Siblings often argue with each other.	Infinitive
to carry; to wear - Infinitive	tragen	tragen	A1	Die Frau trägt eine schöne Bluse.	The woman is wearing a beautiful blouse.	Infinitive
to meet - Infinitive	treffen	treffen	A1	Ich hoffe, wir können uns morgen treffen.	I hope we can meet tomorrow.	Infinitive
to compel, drive - Infinitive	treiben	treiben	A1	Sport treiben ist wichtig für die Gesundheit.	Doing sports is important for health.	Infinitive
to step - Infinitive	treten	treten	A2	Achte darauf, nicht auf den Hund zu treten.	Be careful not to step on the dog.	Infinitive
to drink - Infinitive	trinken	trinken	A1	Im Sommer trinken wir gerne kalte Getränke.	In summer, we like to drink cold beverages.	Infinitive
to deceive - Infinitive	trügen	trügen	C1	Lass dich nicht von falschen Versprechungen trügen.	Don't let yourself be deceived by false promises.	Infinitive
to do - Infinitive	tun	tun	A1	Was du heute kannst besorgen, das verschiebe nicht auf morgen.	What you can do today, do not postpone until tomorrow.	Infinitive
to spoil - Infinitive	verderben	verderben	C1	Frische Lebensmittel können schnell verderben.	Fresh food can spoil quickly.	Infinitive
to forget - Infinitive	vergessen	vergessen	A1	Man sollte niemals seine Schlüssel vergessen.	One should never forget their keys.	Infinitive
to lose - Infinitive	verlieren	verlieren	A1	Im Spiel kann man gewinnen oder verlieren.	In the game, you can win or lose.	Infinitive
to forgive - Infinitive	verzeihen	verzeihen	B1	Es ist wichtig, anderen zu verzeihen.	It is important to forgive others.	Infinitive
to grow - Infinitive	wachsen	wachsen	A1	Die Pflanzen wachsen im Garten.	The plants are growing in the garden.	Infinitive
to wash - Infinitive	waschen	waschen	A1	Ich muss meine Kleidung waschen.	I need to wash my clothes.	Infinitive
to yield, give way - Infinitive	weichen	weichen	A2	Der Schnee wird in der Sonne langsam weichen.	The snow will slowly melt in the sun.	Infinitive
to indicate - Infinitive	weisen	weisen	C1	Der Lehrer wird den Weg zur Schule weisen.	The teacher will show the way to school.	Infinitive
to turn, to appeal to - Infinitive	wenden*	wenden*	B2	Bitte wenden Sie sich an die Rezeption.	Please turn to the reception.	Infinitive
to advertise - Infinitive	werben	werben	B1	Unternehmen werben oft mit Werbeslogans.	Companies often advertise with slogans.	Infinitive
to become - Infinitive	werden	werden	A1	Was möchtest du später einmal werden?	What do you want to become later?	Infinitive
to throw - Infinitive	werfen	werfen	A1	Der Sportler kann weit werfen.	The athlete can throw far.	Infinitive
to weigh; to cradle - Infinitive	wiegen	wiegen	A2	Das Baby wiegt nur ein paar Kilogramm.	The baby weighs only a few kilograms.	Infinitive
to wind - Infinitive	winden	winden	A2	Die Schlange kann sich um den Ast winden.	The snake can wind itself around the branch.	Infinitive
to know (a fact) - Infinitive	wissen	wissen	A1	Ich weiß nicht, wo mein Handy ist.	I don't know where my phone is.	Infinitive
to want - Infinitive	wollen	wollen	A1	Wir wollen im Sommer in den Urlaub fahren.	We want to go on vacation in the summer.	Infinitive
to wring - Infinitive	wringen	wringen	C1	Die Wäsche muss ausgewrungen werden.	The laundry needs to be wrung out.	Infinitive
to pull; to move - Infinitive	ziehen	ziehen	A1	Zieh bitte die Tür zu.	Please close the door.	Infinitive
to force - Infinitive	zwingen	zwingen	A2	Man sollte niemanden zu etwas zwingen.	One should not force anyone to do something.	Infinitive
he baked - Präteritum	backte/buk	backen	B1	Sie backte einen Kuchen.	She baked a cake.	Präteritum
he commanded - Präteritum	befahl	befehlen	B2	Der General befahl den Rückzug.	The general ordered the retreat.	Präteritum
he began - Präteritum	begann	beginnen	A2	Das Konzert begann pünktlich.	The concert began on time.	Präteritum
he bit - Präteritum	biss	beißen	A2	Der Hund biss in den Apfel.	The dog bit into the apple.	Präteritum
he rescued - Präteritum	barg	bergen	B2	Die Rettungsmannschaft barg die Verletzten.	The rescue team recovered the injured.	Präteritum
he burst - Präteritum	barst	bersten	C1	Die Seifenblase barst.	The soap bubble burst.	Präteritum
he moved - Präteritum	bewog/bewegte	bewegen*	B1	Sie bewegte den schweren Koffer.	She moved the heavy suitcase.	Präteritum
he bent - Präteritum	bog	biegen	B2	Er bog um die Ecke.	He turned around the corner.	Präteritum
he offered - Präteritum	bot	bieten	A2	Der Verkäufer bot uns einen Rabatt an.	The seller offered us a discount.	Präteritum
he bound - Präteritum	band	binden	A2	Sie band die Schnürsenkel.	She tied the shoelaces.	Präteritum
he requested - Präteritum	bat	bitten	A1	Ich bat um Hilfe.	I asked for help.	Präteritum
he blew - Präteritum	blies	blasen	B1	Der Wind blies stark.	The wind blew strongly.	Präteritum
he remained - Präteritum	blieb	bleiben	A1	Wir blieben bis Mitternacht.	We stayed until midnight.	Präteritum
he fried - Präteritum	briet	braten	A2	Er briet das Fleisch auf dem Grill.	He roasted the meat on the grill.	Präteritum
he broke - Präteritum	brach	brechen	A1	Sie brach das Brot in Stücke.	She broke the bread into pieces.	Präteritum
he burned - Präteritum	brannte	brennen	A1	Das Feuer brannte hell.	The fire burned brightly.	Präteritum
he brought - Präteritum	brachte	bringen	A1	Er brachte die Nachricht.	He brought the news.	Präteritum
he thought - Präteritum	dachte	denken	A1	Sie dachte an die Vergangenheit.	She thought about the past.	Präteritum
he thrashed - Präteritum	drosch	dreschen	B2	Die Bauern droschen das Getreide.	The farmers threshed the grain.	Präteritum
he got through - Präteritum	drang	dringen	C1	Die Nachricht drang schnell durch.	The news spread quickly.	Präteritum
he was allowed - Präteritum	durfte	dürfen	A1	Du durftest nicht ins Kino gehen.	You were not allowed to go to the cinema.	Präteritum
he recommended - Präteritum	empfahl	empfehlen	B1	Der Arzt empfahl Ruhe.	The doctor recommended rest.	Präteritum
he climbed - Präteritum	erklomm/erklimmte	erklimmen	C1	Sie erklimmte den Berggipfel.	She climbed to the mountain summit.	Präteritum
he expired - Präteritum	erlosch	erlöschen	C1	Die Kerze erlosch im Wind.	The candle went out in the wind.	Präteritum
he frightened - Präteritum	erschrak	erschrecken*	B1	Sie erschrak vor der plötzlichen Bewegung.	She was startled by the sudden movement.	Präteritum
he ate - Präteritum	aß	essen	A1	Wir aßen gemeinsam zu Abend.	We ate dinner together.	Präteritum
he considered - Präteritum	erwog	erwägen	B2	Er erwog alle Optionen.	He considered all options.	Präteritum
he drove - Präteritum	fuhr	fahren	A1	Sie fuhr mit dem Zug nach Berlin.	She traveled to Berlin by train.	Präteritum
he fell - Präteritum	fiel	fallen	A1	Die Blätter fielen im Herbst.	The leaves fell in autumn.	Präteritum
he caught - Präteritum	fing	fangen	A2	Er fing den Ball geschickt.	He caught the ball skillfully.	Präteritum
he fenced - Präteritum	focht	fechten	B2	Die Ritter fochten einen Kampf.	The knights fought a battle.	Präteritum
he found - Präteritum	fand	finden	A1	Sie fand den verlorenen Schlüssel.	She found the lost key.	Präteritum
he flew - Präteritum	flog	fliegen	A2	Die Vögel flogen hoch am Himmel.	The birds flew high in the sky.	Präteritum
he fled - Präteritum	floh	fliehen	B2	Die Tiere flohen vor dem Feuer.	The animals fled from the fire.	Präteritum
he flowed - Präteritum	floss	fließen	B2	Der Fluss floss ruhig dahin.	The river flowed calmly.	Präteritum
he devoured - Präteritum	fraß	fressen	A1	Die Tiere fraßen das Gras.	The animals ate the grass.	Präteritum
he froze - Präteritum	fror	frieren	A2	Wir froren in der Kälte.	We were freezing in the cold.	Präteritum
he fermented - Präteritum	gor	gären	C1	Der Wein gärte im Fass.	The wine fermented in the barrel.	Präteritum
he bore - Präteritum	gebar	gebären	C1	Die Frau gebar ein gesundes Baby.	The woman gave birth to a healthy baby.	Präteritum
he gave - Präteritum	gab	geben	A1	Er gab mir einen Stift.	He gave me a pen.	Präteritum
he thrived - Präteritum	gedieh	gedeihen	C1	Die Pflanzen gediehen prächtig.	The plants thrived splendidly.	Präteritum
he went - Präteritum	ging	gehen	A1	Wir gingen spazieren.	We went for a walk.	Präteritum
he was successful - Präteritum	gelang	gelingen	B2	Das Experiment gelang.	The experiment succeeded.	Präteritum
he pertained - Präteritum	galt	gelten	B2	Die Regel galt für alle.	The rule applied to everyone.	Präteritum
he recovered - Präteritum	genas	genesen	B2	Der Patient genas schnell.	The patient recovered quickly.	Präteritum
he enjoyed - Präteritum	genoss	genießen	B2	Wir genossen die Aussicht.	We enjoyed the view.	Präteritum
he happened - Präteritum	geschah	geschehen	B2	Das Unglück geschah unerwartet.	The accident happened unexpectedly.	Präteritum
he won - Präteritum	gewann	gewinnen	B1	Sie gewann das Rennen.	She won the race.	Präteritum
he poured - Präteritum	goss	gießen	B1	Er goss Wasser in die Blumen.	He poured water into the flowers.	Präteritum
he resembled - Präteritum	glich	gleichen	B2	Die Zwillinge glichen sich sehr.	The twins looked very similar.	Präteritum
he glided - Präteritum	glitt	gleiten	B2	Das Boot glitt sanft über das Wasser.	The boat glided gently over the water.	Präteritum
he dug - Präteritum	grub	graben	B1	Die Archäologen gruben nach Überresten.	The archaeologists dug for remains.	Präteritum
he grasped - Präteritum	griff	greifen	B1	Er griff nach dem Apfel.	He reached for the apple.	Präteritum
he had - Präteritum	hatte	haben	A1	Wir hatten viel Spaß.	We had a lot of fun.	Präteritum
he held - Präteritum	hielt	halten	A1	Der Zug hielt am Bahnhof.	The train stopped at the station.	Präteritum
he hung - Präteritum	hing	hängen	A1	Das Bild hing an der Wand.	The picture hung on the wall.	Präteritum
he hit - Präteritum	haute	hauen	B2	Er hieb das Holz mit der Axt.	He chopped the wood with the axe.	Präteritum
he lifted - Präteritum	hob	heben	A1	Sie hob die schwere Kiste hoch.	She lifted the heavy box.	Präteritum
he was called - Präteritum	hieß	heißen	A1	Der Tee hieß die Gäste willkommen.	The tea welcomed the guests.	Präteritum
he helped - Präteritum	half	helfen	A1	Er half seinem Freund bei den Hausaufgaben.	He helped his friend with the homework.	Präteritum
he knew - Präteritum	kannte	kennen	A1	Ich kannte sie aus der Schule.	I knew her from school.	Präteritum
he sounded - Präteritum	klang	klingen	B2	Die Glocken klangen festlich.	The bells sounded festive.	Präteritum
he pinched - Präteritum	kniff	kneifen	B2	Er kniff die Augen zusammen.	He squinted his eyes.	Präteritum
he came - Präteritum	kam	kommen	A1	Sie kam pünktlich zur Besprechung.	She arrived on time for the meeting.	Präteritum
he could - Präteritum	konnte	können	A1	Er konnte gut schwimmen.	He could swim well.	Präteritum
he crawled - Präteritum	kroch	kriechen	B1	Die Spinne kroch die Wand hoch.	The spider crawled up the wall.	Präteritum
he loaded - Präteritum	lud	laden	A2	Er lud seine Freunde zum Geburtstag ein.	He invited his friends for his birthday.	Präteritum
he let - Präteritum	ließ	lassen	A1	Sie ließ die Tür offen.	She left the door open.	Präteritum
he ran - Präteritum	lief	laufen	A1	Wir liefen den Marathon.	We ran the marathon.	Präteritum
he suffered - Präteritum	litt	leiden	A2	Der Patient litt unter Schmerzen.	The patient suffered from pain.	Präteritum
he lent - Präteritum	lieh	leihen	B1	Er lieh mir sein Buch.	He lent me his book.	Präteritum
he read - Präteritum	las	lesen	A1	Sie las ein interessantes Buch.	She read an interesting book.	Präteritum
he lay - Präteritum	lag	liegen	A1	Das Buch lag auf dem Tisch.	The book was lying on the table.	Präteritum
he lied - Präteritum	log	lügen	B2	Er log über seine Abwesenheit.	He lied about his absence.	Präteritum
he avoided - Präteritum	mied	meiden	B1	Die Katze mied den Hund.	The cat avoided the dog.	Präteritum
he milked - Präteritum	molk	melken	B2	Der Bauer melkte die Kühe.	The farmer milked the cows.	Präteritum
he measured - Präteritum	maß	messen	B1	Sie maß die Länge des Raumes.	She measured the length of the room.	Präteritum
he failed - Präteritum	misslang	misslingen	B2	Der Versuch misslang leider.	The attempt unfortunately failed.	Präteritum
he liked - Präteritum	mochte	mögen	A1	Ich mochte den Geschmack nicht.	I didn't like the taste.	Präteritum
he had to - Präteritum	musste	müssen	A1	Sie mussten früh aufstehen.	They had to get up early.	Präteritum
he took - Präteritum	nahm	nehmen	A1	Er nahm das Buch aus dem Regal.	He took the book from the shelf.	Präteritum
he called - Präteritum	nannte	nennen	A2	Sie nannten ihn den Künstler.	They called him the artist.	Präteritum
he whistled - Präteritum	pfiff	pfeifen	B2	Der Wind pfiff durch die Bäume.	The wind whistled through the trees.	Präteritum
he praised - Präteritum	pries	preisen	B2	Die Jury pries das talentierte Kind.	The jury praised the talented child.	Präteritum
he gushed - Präteritum	quoll	quellen	C1	Der Teig quoll im Ofen auf.	The dough rose in the oven.	Präteritum
he guessed - Präteritum	riet	raten	B1	Sie rieten mir zur Vorsicht.	They advised me to be cautious.	Präteritum
he rubbed - Präteritum	rieb	reiben	B2	Sie rieb die Hände aneinander.	She rubbed her hands together.	Präteritum
he ripped - Präteritum	riss	reißen	B2	Das Seil riss bei der Belastung.	The rope broke under the strain.	Präteritum
he rode - Präteritum	ritt	reiten	A2	Sie ritt auf einem Pferd durch den Wald.	She rode on a horse through the forest.	Präteritum
he ran - Präteritum	rannte	rennen	A2	Die Kinder rannten im Park herum.	The children ran around in the park.	Präteritum
he smelled - Präteritum	roch	riechen	A2	Der Kaffee roch köstlich.	The coffee smelled delicious.	Präteritum
he struggled - Präteritum	rang	ringen	B2	Die Kämpfer rangen um den Sieg.	The fighters struggled for victory.	Präteritum
he trickled - Präteritum	rann	rinnen	B2	Das Wasser rann den Berg hinunter.	The water flowed down the mountain.	Präteritum
he called - Präteritum	rief	rufen	A1	Er rief nach Hilfe.	He called for help.	Präteritum
he guzzled - Präteritum	soff	saufen	B2	Die Tiere saufen Wasser aus dem Bach.	The animals drink water from the stream.	Präteritum
he sucked - Präteritum	sog/saugte	saugen*	B1	Der Staubsauger saugte den Schmutz auf.	The vacuum cleaner sucked up the dirt.	Präteritum
he created - Präteritum	schuf	schaffen*	B1	Sie schaffte die schwierige Aufgabe.	She managed the difficult task.	Präteritum
he separated - Präteritum	schied	scheiden	C1	Die beiden Partner schieden friedlich.	The two partners separated amicably.	Präteritum
he shone - Präteritum	schien	scheinen	B1	Die Sonne schien den ganzen Tag.	The sun shone all day.	Präteritum
he scolded - Präteritum	schalt	schelten	C1	Die Mutter schalt die Kinder.	The mother scolded the children.	Präteritum
he sheared - Präteritum	schor	scheren	B2	Der Friseur schor die Haare kurz.	The hairdresser cut the hair short.	Präteritum
he pushed - Präteritum	schob	schieben	A2	Er schob den schweren Tisch.	He pushed the heavy table.	Präteritum
he shot - Präteritum	schoss	schießen	A2	Der Schütze schoss ins Ziel.	The marksman shot at the target.	Präteritum
he overworked - Präteritum	schindete	schinden	C1	Die Arbeiter schindeten sich auf dem Feld.	The workers toiled in the field.	Präteritum
he slept - Präteritum	schlief	schlafen	A1	Sie schliefen tief und fest.	They slept deeply and soundly.	Präteritum
he hit - Präteritum	schlug	schlagen	A1	Der Boxer schlug seinen Gegner nieder.	The boxer knocked down his opponent.	Präteritum
he sneaked - Präteritum	schlich	schleichen	B2	Die Katze schlich sich lautlos an.	The cat crept up silently.	Präteritum
he ground - Präteritum	schliff	schleifen	B2	Der Stein wurde geschliffen.	The stone was polished.	Präteritum
he closed - Präteritum	schloss	schließen	A1	Er schloss die Tür fest.	He closed the door tightly.	Präteritum
he looped - Präteritum	schlang	schlingen	C1	Die Schlange schlang sich um den Ast.	The snake coiled around the branch.	Präteritum
he threw - Präteritum	schmiss	schmeißen	B2	Sie schmiss die leere Flasche weg.	She threw away the empty bottle.	Präteritum
he melted - Präteritum	schmolz	schmelzen	B1	Das Eis schmolz in der Sonne.	The ice melted in the sun.	Präteritum
he cut - Präteritum	schnitt	schneiden	A1	Sie schnitt das Gemüse für den Salat.	She cut the vegetables for the salad.	Präteritum
he wrote - Präteritum	schrieb	schreiben	A1	Er schrieb einen Brief an seine Freunde.	He wrote a letter to his friends.	Präteritum
he screamed - Präteritum	schrie	schreien	A1	Die Kinder schrien vor Freude.	The children screamed with joy.	Präteritum
he strode - Präteritum	schritt	schreiten	B2	Die Braut schritt zum Altar.	The bride walked down the aisle.	Präteritum
he was silent - Präteritum	schwieg	schweigen	B2	Sie schwiegen während der Besprechung.	They remained silent during the meeting.	Präteritum
he swelled - Präteritum	schwoll	schwellen	C1	Der Fluss schwoll nach dem Regen an.	The river swelled after the rain.	Präteritum
he swam - Präteritum	schwamm	schwimmen	A2	Die Enten schwammen im Teich.	The ducks swam in the pond.	Präteritum
he faded - Präteritum	schwand	schwinden	B2	Das Vertrauen in ihn schwand.	The trust in him diminished.	Präteritum
he swayed - Präteritum	schwang	schwingen	B2	Der Turner schwang sich am Reck.	The gymnast swung on the parallel bars.	Präteritum
he swore - Präteritum	schwor	schwören	C1	Sie schworen sich ewige Freundschaft.	They swore eternal friendship.	Präteritum
he saw - Präteritum	sah	sehen	A1	Er sah den Sonnenuntergang.	He saw the sunset.	Präteritum
he was - Präteritum	war	sein	A1	Sie waren beste Freunde.	They were best friends.	Präteritum
he sent - Präteritum	sandte/sendete	senden	B1	Der Radiosender sendete Musik.	The radio station broadcasted music.	Präteritum
he sang - Präteritum	sang	singen	A1	Die Vögel sangen im Garten.	The birds sang in the garden.	Präteritum
he sank - Präteritum	sank	sinken	A2	Das Schiff sank im Sturm.	The ship sank in the storm.	Präteritum
he pondered - Präteritum	sann	sinnen	C1	Er sann über die Lösung nach.	He pondered on the solution.	Präteritum
he sat - Präteritum	saß	sitzen	A1	Wir saßen auf der Bank.	We sat on the bench.	Präteritum
he ought to - Präteritum	sollte	sollen	A1	Du solltest die Hausaufgaben machen.	You should do your homework.	Präteritum
he spat - Präteritum	spie	speien	C1	Der Vulkan spie Lava aus.	The volcano spewed lava.	Präteritum
he spun - Präteritum	spann	spinnen	C1	Die Spinne spann ihr Netz.	The spider spun its web.	Präteritum
he spoke - Präteritum	sprach	sprechen	A1	Er sprach laut und deutlich.	He spoke loudly and clearly.	Präteritum
he sprouted - Präteritum	spross	sprießen	C1	Die Pflanzen sprießten im Frühling.	The plants sprouted in spring.	Präteritum
he jumped - Präteritum	sprang	springen	A1	Sie sprang über die Hürde.	She jumped over the hurdle.	Präteritum
he stabbed - Präteritum	stach	stechen	A2	Die Biene stach mich.	The bee stung me.	Präteritum
he stood - Präteritum	stand	stehen	A1	Er stand am Eingang.	He stood at the entrance.	Präteritum
he stole - Präteritum	stahl	stehlen	A2	Der Dieb stahl das Fahrrad.	The thief stole the bicycle.	Präteritum
he climbed - Präteritum	stieg	steigen	A2	Wir stiegen den Berg hinauf.	We climbed up the mountain.	Präteritum
he died - Präteritum	starb	sterben	A1	Der alte Mann starb friedlich.	The old man died peacefully.	Präteritum
he stank - Präteritum	stank	stinken	B2	Der Müll stank fürchterlich.	The garbage stank terribly.	Präteritum
he bumped - Präteritum	stieß	stoßen	A1	Er stieß die Tür auf.	He pushed the door open.	Präteritum
he canceled - Präteritum	strich	streichen	A2	Sie strichen die Wände gelb.	They painted the walls yellow.	Präteritum
he quarreled - Präteritum	stritt	streiten	A2	Die Geschwister stritten sich um das Spielzeug.	The siblings argued over the toy.	Präteritum
he carried - Präteritum	trug	tragen	A1	Sie trug ein schönes Kleid.	She wore a beautiful dress.	Präteritum
he met - Präteritum	traf	treffen	A1	Wir trafen uns im Café.	We met at the cafe.	Präteritum
he compelled - Präteritum	trieb	treiben	A1	Er trieb Sport jeden Tag.	He did sports every day.	Präteritum
he stepped - Präteritum	trat	treten	A2	Er trat auf die Bühne.	He stepped onto the stage.	Präteritum
he drank - Präteritum	trank	trinken	A1	Sie trank einen Schluck Wasser.	She drank a sip of water.	Präteritum
he deceived - Präteritum	trog	trügen	C1	Die Illusion trügte seine Sinne.	The illusion deceived his senses.	Präteritum
he did - Präteritum	tat	tun	A1	Er tat sein Bestes.	He did his best.	Präteritum
he spoiled - Präteritum	verdarb	verderben	C1	Die Milch wurde verdorben.	The milk was spoiled.	Präteritum
he forgot - Präteritum	vergaß	vergessen	A1	Ich vergaß meinen Schlüssel.	I forgot my key.	Präteritum
he lost - Präteritum	verlor	verlieren	A1	Sie verloren das Spiel.	They lost the game.	Präteritum
he forgave - Präteritum	verzieh	verzeihen	B1	Sie verzieh ihm seine Fehler.	She forgave him his mistakes.	Präteritum
he grew - Präteritum	wuchs	wachsen	A1	Die Blumen wuchsen schnell.	The flowers grew quickly.	Präteritum
he washed - Präteritum	wusch	waschen	A1	Ich wusch meine Hände.	I washed my hands.	Präteritum
he yielded - Präteritum	wich	weichen	A2	Sie wich vor dem Druck zurück.	She yielded to the pressure.	Präteritum
he indicated - Präteritum	wies	weisen	C1	Er wies auf die Landkarte.	He pointed at the map.	Präteritum
he turned - Präteritum	wandte/wendete	wenden*	B2	Sie wendeten das Fleisch in der Pfanne.	They turned the meat in the pan.	Präteritum
he advertised - Präteritum	warb	werben	B1	Die Firma warb um neue Mitarbeiter.	The company advertised for new employees.	Präteritum
he became - Präteritum	wurde	werden	A1	Er wurde ein erfolgreicher Künstler.	He became a successful artist.	Präteritum
he threw - Präteritum	warf	werfen	A1	Sie warf den Ball weit.	She threw the ball far.	Präteritum
he weighed - Präteritum	wog	wiegen	A2	Das Paket wog fünf Kilogramm.	The package weighed five kilograms.	Präteritum
he wound - Präteritum	wand	winden	A2	Die Schlange wand sich um den Baum.	The snake wound itself around the tree.	Präteritum
he knew - Präteritum	wusste	wissen	A1	Er wusste die Antwort.	He knew the answer.	Präteritum
he wanted - Präteritum	wollte	wollen	A1	Sie wollten mehr Freiheit.	They wanted more freedom.	Präteritum
he wrung - Präteritum	wrang	wringen	C1	Sie wrang das Wasser aus dem Tuch.	She wrung the water out of the cloth.	Präteritum
he pulled - Präteritum	zog	ziehen	A1	Der Traktor zog den Anhänger.	The tractor pulled the trailer.	Präteritum
he forced - Präteritum	zwang	zwingen	A2	Die Umstände zwangen ihn zu handeln.	The circumstances forced him to act.	Präteritum
he has baked - Partizip II	gebacken	backen	B1	Der Kuchen ist bereits gebacken.	The cake is already baked.	Partizip_II
he has commanded - Partizip II	befohlen	befehlen	B2	Der Befehl wurde befolgt.	The order was obeyed.	Partizip_II
he has begun - Partizip II	begonnen	beginnen	A2	Das Konzert hat bereits begonnen.	The concert has already begun.	Partizip_II
he has bitten - Partizip II	gebissen	beißen	A2	Die Hunde haben den Knochen gebissen.	The dogs bit the bone.	Partizip_II
he has rescued - Partizip II	geborgen	bergen	B2	Die Bergung der Schätze war erfolgreich.	The recovery of the treasures was successful.	Partizip_II
he has burst - Partizip II	geborsten	bersten	C1	Das Glas ist in tausend Stücke geborsten.	The glass burst into a thousand pieces.	Partizip_II
he has moved - Partizip II	bewogen/bewegt	bewegen*	B1	Der Film hat mich sehr bewegt.	The movie moved me a lot.	Partizip_II
he has bent - Partizip II	gebogen	biegen	B2	Er hat das Metall vorsichtig gebogen.	He bent the metal carefully.	Partizip_II
he has offered - Partizip II	geboten	bieten	A2	Sie haben uns Hilfe angeboten.	They offered us help.	Partizip_II
he has bound - Partizip II	gebunden	binden	A2	Die Blumen sind zu einem Strauß gebunden.	The flowers are tied into a bouquet.	Partizip_II
he has requested - Partizip II	gebeten	bitten	A1	Ich habe höflich um Hilfe gebeten.	I politely asked for help.	Partizip_II
he has blown - Partizip II	geblasen	blasen	B1	Der Wind hat kräftig geblasen.	The wind blew strongly.	Partizip_II
he has remained - Partizip II	geblieben	bleiben	A1	Wir sind zu Hause geblieben.	We stayed at home.	Partizip_II
he has fried - Partizip II	gebraten	braten	A2	Das Fleisch ist gut gebraten.	The meat is well	Partizip_II
he has broken - Partizip II	gebrochen	brechen	A1	Sie hat das Glas versehentlich gebrochen.	She accidentally broke the glass.	Partizip_II
he has burned - Partizip II	gebrannt	brennen	A1	Das Feuer hat hell gebrannt.	The fire burned brightly.	Partizip_II
he has brought - Partizip II	gebracht	bringen	A1	Er hat die Nachrichten gebracht.	He brought the news.	Partizip_II
he has thought - Partizip II	gedacht	denken	A1	Ich habe oft an dich gedacht.	I have often thought of you.	Partizip_II
he has thrashed - Partizip II	gedroschen	dreschen	B2	Die Bauern haben das Getreide gedroschen.	The farmers threshed the grain.	Partizip_II
he has gotten through - Partizip II	gedrungen	dringen	C1	Die Information ist schnell zu uns gedrungen.	The information quickly reached us.	Partizip_II
he has been allowed - Partizip II	gedurft	dürfen	A1	Du hast das Buch lesen dürfen.	You were allowed to read the book.	Partizip_II
he has recommended - Partizip II	empfohlen	empfehlen	B1	Der Arzt hat mir dieses Medikament empfohlen.	The doctor recommended this medication to me.	Partizip_II
he has climbed - Partizip II	erklommen/erklimmt	erklimmen	C1	Die Bergsteiger haben den Gipfel erklimmt.	The climbers reached the summit.	Partizip_II
he has expired - Partizip II	erloschen	erlöschen	C1	Das Licht ist plötzlich erloschen.	The light suddenly went out.	Partizip_II
he has frightened - Partizip II	erschrocken	erschrecken*	B1	Die laute Musik hat die Kinder erschreckt.	The loud music scared the children.	Partizip_II
he has eaten - Partizip II	gegessen	essen	A1	Wir haben gemeinsam Abendessen gegessen.	We had dinner together.	Partizip_II
he has considered - Partizip II	erwogen	erwägen	B2	Sie hat alle Optionen sorgfältig erwogen.	She carefully considered all options.	Partizip_II
he has driven - Partizip II	gefahren	fahren	A1	Er ist gestern mit dem Zug gefahren.	He traveled by train yesterday.	Partizip_II
he has fallen - Partizip II	gefallen	fallen	A1	Die Blätter sind von den Bäumen gefallen.	The leaves fell from the trees.	Partizip_II
he has caught - Partizip II	gefangen	fangen	A2	Der Spieler hat den Ball gut gefangen.	The player caught the ball well.	Partizip_II
he has fenced - Partizip II	gefochten	fechten	B2	Die Ritter haben tapfer gefochten.	The knights fought bravely.	Partizip_II
he has found - Partizip II	gefunden	finden	A1	Wir haben die verlorenen Schlüssel gefunden.	We found the lost keys.	Partizip_II
he has flown - Partizip II	geflogen	fliegen	A2	Die Vögel sind hoch in den Himmel geflogen.	The birds flew high into the sky.	Partizip_II
he has fled - Partizip II	geflohen	fliehen	B2	Die Gefangenen sind vor der Polizei geflohen.	The prisoners fled from the police.	Partizip_II
he has flowed - Partizip II	geflossen	fließen	B2	Das Wasser ist ruhig geflossen.	The water flowed calmly.	Partizip_II
he has devoured - Partizip II	gefressen	fressen	A1	Die Tiere haben hungrig gefressen.	The animals ate hungrily.	Partizip_II
he has frozen - Partizip II	gefroren	frieren	A2	Wir haben im kalten Winter gefroren.	We froze in the cold winter.	Partizip_II
he has fermented - Partizip II	gegoren	gären	C1	Der Saft hat in der Sonne gegärt.	The juice fermented in the sun.	Partizip_II
he has borne - Partizip II	geboren	gebären	C1	Die Frau hat ein gesundes Baby geboren.	The woman gave birth to a healthy baby.	Partizip_II
he has given - Partizip II	gegeben	geben	A1	Sie haben uns großzügig geholfen.	They helped us generously.	Partizip_II
he has thrived - Partizip II	gediehen	gedeihen	C1	Die Pflanzen sind prächtig gediehen.	The plants thrived splendidly.	Partizip_II
he has gone - Partizip II	gegangen	gehen	A1	Wir sind gestern im Park spazieren gegangen.	We went for a walk in the park yesterday.	Partizip_II
he has been successful - Partizip II	gelungen	gelingen	B2	Das Experiment ist endlich gelungen.	The experiment finally succeeded.	Partizip_II
he has pertained - Partizip II	gegolten	gelten	B2	Die Regel hat für alle gleichermaßen gegolten.	The rule applied equally to everyone.	Partizip_II
he has recovered - Partizip II	genesen	genesen	B2	Der Patient ist nach der Operation gut genesen.	The patient recovered well after the surgery.	Partizip_II
he has enjoyed - Partizip II	genossen	genießen	B2	Wir haben den Urlaub in vollen Zügen genossen.	We thoroughly enjoyed the vacation.	Partizip_II
he has happened - Partizip II	geschehen	geschehen	B2	Das Unglück ist plötzlich geschehen.	The disaster happened suddenly.	Partizip_II
he has won - Partizip II	gewonnen	gewinnen	B1	Die Mannschaft hat das Spiel souverän gewonnen.	The team won the game convincingly.	Partizip_II
he has poured - Partizip II	gegossen	gießen	B1	Die Blumen wurden liebevoll gegossen.	The flowers were lovingly watered.	Partizip_II
he has resembled - Partizip II	geglichen	gleichen	B2	Die Zwillinge gleichen sich sehr.	The twins are very similar.	Partizip_II
he has glided - Partizip II	geglitten	gleiten	B2	Das Boot ist sanft über das Wasser geglitten.	The boat glided gently over the water.	Partizip_II
he has dug - Partizip II	gegraben	graben	B1	Die Archäologen haben im Boden gegraben.	The archaeologists dug in the ground.	Partizip_II
he has grasped - Partizip II	gegriffen	greifen	B1	Der Kletterer hat nach dem Felsen gegriffen.	The climber reached for the rock.	Partizip_II
he has had - Partizip II	gehabt	haben	A1	Wir haben gestern Besuch gehabt.	We had visitors yesterday.	Partizip_II
he has held - Partizip II	gehalten	halten	A1	Der Zug hat an der Station gehalten.	The train stopped at the station.	Partizip_II
he has hung - Partizip II	gehangen	hängen	A1	Das Bild hängt an der Wand.	The picture is hanging on the wall.	Partizip_II
he has hit - Partizip II	gehauen	hauen	B2	Der Holzfäller hat den Baum gekonnt gehauen.	The lumberjack skillfully chopped down the tree.	Partizip_II
he has lifted - Partizip II	gehoben	heben	A1	Er hat die schweren Kisten mühelos gehoben.	He effortlessly lifted the heavy boxes.	Partizip_II
he has been called - Partizip II	geheißen	heißen	A1	Mein Name hat immer schon so geheißen.	My name has always been like that.	Partizip_II
he has helped - Partizip II	geholfen	helfen	A1	Der Nachbar hat uns freundlich geholfen.	The neighbor kindly helped us.	Partizip_II
he has known - Partizip II	gekannt	kennen	A1	Ich habe ihn schon lange gekannt.	I have known him for a long time.	Partizip_II
he has sounded - Partizip II	geklungen	klingen	B2	Die Musik hat wunderbar geklungen.	The music sounded wonderful.	Partizip_II
he has pinched - Partizip II	gekniffen	kneifen	B2	Der Kater hat mich in den Finger gekniffen.	The cat pinched me on the finger.	Partizip_II
he has come - Partizip II	gekommen	kommen	A1	Die Gäste sind pünktlich gekommen.	The guests arrived on time.	Partizip_II
he has been able - Partizip II	gekonnt	können	A1	Wir haben die schwierige Aufgabe gut gekonnt.	We managed the difficult task well.	Partizip_II
he has crawled - Partizip II	gekrochen	kriechen	B1	Die Spinne ist unter dem Bett gekrochen.	The spider crawled under the bed.	Partizip_II
he has loaded - Partizip II	geladen	laden	A2	Er hat das Telefon rechtzeitig geladen.	He charged the phone on time.	Partizip_II
he has let - Partizip II	gelassen	lassen	A1	Sie hat die Tür offen gelassen.	She left the door open.	Partizip_II
he has run - Partizip II	gelaufen	laufen	A1	Die Kinder sind um die Wette gelaufen.	The children ran a race.	Partizip_II
he has suffered - Partizip II	gelitten	leiden	A2	Die Patienten haben unter starken Schmerzen gelitten.	The patients suffered from severe pain.	Partizip_II
he has lent - Partizip II	geliehen	leihen	B1	Ich habe ihm mein Buch geliehen.	I lent him my book.	Partizip_II
he has read - Partizip II	gelesen	lesen	A1	Das Buch ist schon oft gelesen worden.	The book has been read many times.	Partizip_II
he has lain - Partizip II	gelegen	liegen	A1	Die Schlüssel haben auf dem Tisch gelegen.	The keys were on the table.	Partizip_II
he has lied - Partizip II	gelogen	lügen	B2	Er hat nie gelogen.	He has never lied.	Partizip_II
he has avoided - Partizip II	gemieden	meiden	B1	Die Tiere haben die Menschen gemieden.	The animals avoided the people.	Partizip_II
he has milked - Partizip II	gemolken	melken	B2	Die Bäuerin hat die Kühe gemolken.	The farmer's wife milked the cows.	Partizip_II
he has measured - Partizip II	gemessen	messen	B1	Der Handwerker hat die Länge gemessen.	The craftsman measured the length.	Partizip_II
he has failed - Partizip II	misslungen	misslingen	B2	Das Experiment ist leider misslungen.	Unfortunately, the experiment failed.	Partizip_II
he has liked - Partizip II	gemocht	mögen	A1	Ich habe den Film wirklich gemocht.	I really liked the movie.	Partizip_II
he has had to - Partizip II	gemusst	müssen	A1	Wir haben die Hausaufgaben machen müssen.	We had to do the homework.	Partizip_II
he has taken - Partizip II	genommen	nehmen	A1	Sie hat das letzte Stück Kuchen genommen.	She took the last piece of cake.	Partizip_II
he has called - Partizip II	genannt	nennen	A2	Die Lehrerin hat die Schüler beim Namen genannt.	The teacher called the students by their names.	Partizip_II
he has whistled - Partizip II	gepfiffen	pfeifen	B2	Der Wind hat durch die Bäume gepfiffen.	The wind whistled through the trees.	Partizip_II
he has praised - Partizip II	gepriesen	preisen	B2	Der Redner hat die Leistungen der Schüler gepriesen.	The speaker praised the students' achievements.	Partizip_II
he has gushed - Partizip II	gequollen	quellen	C1	Das Holz ist nach dem Regen leicht gequollen.	The wood swelled slightly after the rain.	Partizip_II
he has guessed - Partizip II	geraten	raten	B1	Er hat mir geraten, vorsichtig zu sein.	He advised me to be careful.	Partizip_II
he has rubbed - Partizip II	gerieben	reiben	B2	Die Köchin hat den Käse gerieben.	The cook grated the cheese.	Partizip_II
he has ripped - Partizip II	gerissen	reißen	B2	Die Kinder haben das Geschenkpapier gerissen.	The children ripped the wrapping paper.	Partizip_II
he has ridden - Partizip II	geritten	reiten	A2	Der Ritter ist auf einem Pferd geritten.	The knight rode on a horse.	Partizip_II
he has run - Partizip II	gerannt	rennen	A2	Die Kinder sind um die Wette gerannt.	The children ran a race.	Partizip_II
he has smelled - Partizip II	gerochen	riechen	A2	Der Kaffee hat herrlich gerochen.	The coffee smelled wonderful.	Partizip_II
he has struggled - Partizip II	gerungen	ringen	B2	Die Athleten haben hart um den Sieg gerungen.	The athletes fought hard for the victory.	Partizip_II
he has trickled - Partizip II	geronnen	rinnen	B2	Das Wasser ist aus dem Eimer geronnen.	The water ran out of the bucket.	Partizip_II
he has called - Partizip II	gerufen	rufen	A1	Der Lehrer hat die Schüler laut gerufen.	The teacher called the students loudly.	Partizip_II
he has guzzled - Partizip II	gesoffen	saufen	B2	Die Tiere haben aus dem Bach gesoffen.	The animals drank from the stream.	Partizip_II
he has sucked - Partizip II	gesogen/gesaugt	saugen*	B1	Der Staubsauger hat den Teppich gut gesaugt.	The vacuum cleaner cleaned the carpet well.	Partizip_II
he has created - Partizip II	geschaffen	schaffen*	B1	Die Arbeiter haben das Projekt rechtzeitig geschafft.	The workers completed the project on time.	Partizip_II
he has separated - Partizip II	geschieden	scheiden	C1	Die Eheleute haben sich friedlich geschieden.	The spouses divorced amicably.	Partizip_II
he has shone - Partizip II	geschienen	scheinen	B1	Der Mond hat hell am Himmel geschienen.	The moon shone brightly in the sky.	Partizip_II
he has scolded - Partizip II	gescholten	schelten	C1	Die Mutter hat den ungezogenen Jungen gescholten.	The mother scolded the naughty boy.	Partizip_II
he has shorn - Partizip II	geschoren	scheren	B2	Die Schafe wurden im Frühling geschoren.	The sheep were sheared in spring.	Partizip_II
he has pushed - Partizip II	geschoben	schieben	A2	Die Kinder haben den Schlitten den Hügel hochgeschoben.	The children pushed the sled up the hill.	Partizip_II
he has shot - Partizip II	geschossen	schießen	A2	Der Fußballspieler hat das Tor geschossen.	The soccer player scored a goal.	Partizip_II
he has overworked - Partizip II	geschunden	schinden	C1	Der Sklavenhalter hat die Arbeiter schamlos geschunden.	The slave owner shamelessly exploited the workers.	Partizip_II
he has slept - Partizip II	geschlafen	schlafen	A1	Die Kinder sind früh eingeschlafen.	The children fell asleep early.	Partizip_II
he has hit - Partizip II	geschlagen	schlagen	A1	Der Boxer hat seinen Gegner schnell geschlagen.	The boxer quickly defeated his opponent.	Partizip_II
he has sneaked - Partizip II	geschlichen	schleichen	B2	Der Dieb ist leise durch den Raum geschlichen.	The thief silently crept through the room.	Partizip_II
he has ground - Partizip II	geschliffen	schleifen	B2	Der Steinmetz hat den Marmor glatt geschliffen.	The stonecutter smoothed the marble.	Partizip_II
he has closed - Partizip II	geschlossen	schließen	A1	Der Laden hat um 18 Uhr geschlossen.	The store closed at 6 p.m.	Partizip_II
he has looped - Partizip II	geschlungen	schlingen	C1	Die Schlange hat ihre Beute schnell geschlungen.	The snake quickly swallowed its prey.	Partizip_II
he has thrown - Partizip II	geschmissen	schmeißen	B2	Die Kinder haben die Bälle wild geschmissen.	The children threw the balls around wildly.	Partizip_II
he has melted - Partizip II	geschmolzen	schmelzen	B1	Die Sonne hat den Schnee schnell geschmolzen.	The sun melted the snow quickly.	Partizip_II
he has cut - Partizip II	geschnitten	schneiden	A1	Der Koch hat das Gemüse fein geschnitten.	The chef finely chopped the vegetables.	Partizip_II
he has written - Partizip II	geschrieben	schreiben	A1	Die Autorin hat viele Bücher geschrieben.	The author has written many books.	Partizip_II
he has screamed - Partizip II	geschrien	schreien	A1	Die Kinder haben im Park laut geschrien.	The children shouted loudly in the park.	Partizip_II
he has stridden - Partizip II	geschritten	schreiten	B2	Die Braut ist zum Altar geschritten.	The bride walked to the altar.	Partizip_II
he has been silent - Partizip II	geschwiegen	schweigen	B2	Die Nacht hat tief geschwiegen.	The night was silent.	Partizip_II
he has swollen - Partizip II	geschwollen	schwellen	C1	Die Flüsse sind nach dem Regen stark geschwollen.	The rivers swelled significantly after the rain.	Partizip_II
he has swum - Partizip II	geschwommen	schwimmen	A2	Die Fische haben elegant durch das Wasser geschwommen.	The fish swam gracefully through the water.	Partizip_II
he has faded - Partizip II	geschwunden	schwinden	B2	Die Hoffnungen sind langsam geschwunden.	The hopes slowly faded.	Partizip_II
he has swayed - Partizip II	geschwungen	schwingen	B2	Der Turner hat sich geschickt am Reck geschwungen.	The gymnast skillfully swung on the horizontal bar.	Partizip_II
he has sworn - Partizip II	geschworen	schwören	C1	Die Ritter haben einen Eid geschworen.	The knights swore an oath.	Partizip_II
he has seen - Partizip II	gesehen	sehen	A1	Wir haben einen Film im Kino gesehen.	We saw a movie at the cinema.	Partizip_II
he has been - Partizip II	gewesen	sein	A1	Die Blumen sind schön gewesen.	The flowers were beautiful.	Partizip_II
he has sent - Partizip II	gesandt/gesendet	senden	B1	Der Radiosender hat die Nachrichten gesendet.	The radio station broadcasted the news.	Partizip_II
he has sung - Partizip II	gesungen	singen	A1	Die Vögel haben im Park fröhlich gesungen.	The birds sang cheerfully in the park.	Partizip_II
he has sunk - Partizip II	gesunken	sinken	A2	Das Schiff ist langsam im Wasser gesunken.	The ship slowly sank in the water.	Partizip_II
he has pondered - Partizip II	gesonnen	sinnen	C1	Der Detektiv hat über den Fall nachgesonnen.	The detective pondered over the case.	Partizip_II
he has sat - Partizip II	gesessen	sitzen	A1	Die Katze hat gemütlich auf dem Sofa gesessen.	The cat sat comfortably on the sofa.	Partizip_II
he has ought to - Partizip II	gesollt	sollen	A1	Wir haben die Aufgabe erledigen sollen.	We were supposed to complete the task.	Partizip_II
he has spat - Partizip II	gespien	speien	C1	Der Vulkan hat Asche und Lava gespieen.	The volcano spewed ash and lava.	Partizip_II
he has spun - Partizip II	gesponnen	spinnen	C1	Die Spinne hat ein Netz gesponnen.	The spider spun a web.	Partizip_II
he has spoken - Partizip II	gesprochen	sprechen	A1	Er hat gut Deutsch gesprochen.	He spoke German well.	Partizip_II
he has sprouted - Partizip II	gesprossen	sprießen	C1	Die Blumen sind im Frühling gesprossen.	The flowers sprouted in spring.	Partizip_II
he has jumped - Partizip II	gesprungen	springen	A1	Der Athlet ist hoch gesprungen.	The athlete jumped high.	Partizip_II
he has stabbed - Partizip II	gestochen	stechen	A2	Die Biene hat mich gestochen.	The bee stung me.	Partizip_II
he has stood - Partizip II	gestanden	stehen	A1	Die Statue hat im Park gestanden.	The statue stood in the park.	Partizip_II
he has stolen - Partizip II	gestohlen	stehlen	A2	Der Dieb hat mein Fahrrad gestohlen.	The thief stole my bicycle.	Partizip_II
he has climbed - Partizip II	gestiegen	steigen	A2	Der Bergsteiger ist auf den Gipfel gestiegen.	The mountaineer climbed to the summit.	Partizip_II
he has died - Partizip II	gestorben	sterben	A1	Viele Menschen sind während des Krieges gestorben.	Many people died during the war.	Partizip_II
he has stunk - Partizip II	gestunken	stinken	B2	Der Müll hat furchtbar gestunken.	The garbage smelled terrible.	Partizip_II
he has bumped - Partizip II	gestoßen	stoßen	A1	Sie hat sich am Tisch gestoßen.	She bumped into the table.	Partizip_II
he has canceled - Partizip II	gestrichen	streichen	A2	Der Maler hat die Wände weiß gestrichen.	The painter painted the walls white.	Partizip_II
he has quarreled - Partizip II	gestritten	streiten	A2	Die Geschwister haben sich oft gestritten.	The siblings often quarreled.	Partizip_II
he has carried - Partizip II	getragen	tragen	A1	Sie hat ein schönes Kleid getragen.	She wore a beautiful dress.	Partizip_II
he has met - Partizip II	getroffen	treffen	A1	Wir haben uns zufällig getroffen.	We met by chance.	Partizip_II
he has compelled - Partizip II	getrieben	treiben	A1	Der Wind hat das Boot weit getrieben.	The wind drifted the boat far away.	Partizip_II
he has stepped - Partizip II	getreten	treten	A2	Der Fußballspieler hat das Tor mit dem Ball getreten.	The soccer player kicked the ball into the goal.	Partizip_II
he has drunk - Partizip II	getrunken	trinken	A1	Sie hat den Kaffee bereits getrunken.	She has already drunk the coffee.	Partizip_II
he has deceived - Partizip II	getrogen	trügen	C1	Der Schein kann manchmal trügen.	Looks can be deceiving.	Partizip_II
he has done - Partizip II	getan	tun	A1	Er hat nichts Böses getan.	He did nothing wrong.	Partizip_II
he has spoiled - Partizip II	verdorben	verderben	C1	Die Hitze hat die Lebensmittel verderbt.	The heat spoiled the food.	Partizip_II
he has forgotten - Partizip II	vergessen	vergessen	A1	Ich habe meinen Schlüssel zu Hause vergessen.	I forgot my keys at home.	Partizip_II
he has lost - Partizip II	verloren	verlieren	A1	Der Spieler hat das Spiel verloren.	The player lost the game.	Partizip_II
he has forgiven - Partizip II	verziehen	verzeihen	B1	Ich kann dir verzeihen.	I can forgive you.	Partizip_II
he has grown - Partizip II	gewachsen	wachsen	A1	Die Pflanzen sind schnell gewachsen.	The plants grew quickly.	Partizip_II
he has washed - Partizip II	gewaschen	waschen	A1	Sie hat die Kleider in der Waschmaschine gewaschen.	She washed the clothes in the washing machine.	Partizip_II
he has yielded - Partizip II	gewichen	weichen	A2	Die Menge musste der Polizei weichen.	The crowd had to yield to the police.	Partizip_II
he has indicated - Partizip II	gewiesen	weisen	C1	Der Lehrer hat auf die richtige Antwort gewiesen.	The teacher pointed to the correct answer.	Partizip_II
he has turned - Partizip II	gewandt/gewendet	wenden*	B2	Der Autofahrer hat an der Kreuzung gewendet.	The driver turned around at the intersection.	Partizip_II
he has advertised - Partizip II	geworben	werben	B1	Die Firma wirbt um neue Mitarbeiter.	The company is recruiting new employees.	Partizip_II
he has become - Partizip II	geworden	werden	A1	Er ist ein erfolgreicher Schauspieler geworden.	He has become a successful actor.	Partizip_II
he has thrown - Partizip II	geworfen	werfen	A1	Der Baseballspieler hat den Ball weit geworfen.	The baseball player threw the ball far.	Partizip_II
he has weighed - Partizip II	gewogen	wiegen	A2	Das Baby hat fünf Kilo gewogen.	The baby weighed five kilograms.	Partizip_II
he has wound - Partizip II	gewunden	winden	A2	Der Fluss hat sich durch das Tal gewunden.	The river wound its way through the valley.	Partizip_II
he has known - Partizip II	gewusst	wissen	A1	Sie hat die Antwort gewusst.	She knew the answer.	Partizip_II
he has wanted - Partizip II	gewollt	wollen	A1	Ich habe schon immer ein Haus am Strand gewollt.	I have always wanted a house by the beach.	Partizip_II
he has wrung - Partizip II	gewrungen	wringen	C1	Sie hat das nasse Handtuch ausgewrungen.	She wrung out the wet towel.	Partizip_II
he has pulled - Partizip II	gezogen	ziehen	A1	Der Wind hat kräftig am Segel gezogen.	The wind pulled strongly on the sail.	Partizip_II
he has forced - Partizip II	gezwungen	zwingen	A2	Die Umstände haben ihn dazu gezwungen.	The circumstances forced him to do it.	Partizip_II
he bakes - Vowel Change in Präsens	a → ä	backen	B1	Er bäckt einen Kuchen.	He bakes a cake.	Vowel_Change_in_Präsens
he commands - Vowel Change in Präsens	e → ie	befehlen	B2	Sie befiehlt ihm.	She commands him.	Vowel_Change_in_Präsens
he rescues - Vowel Change in Präsens	e → i	bergen	B2	Er birgt die Schätze in der Höhle.	He conceals the treasures in the cave.	Vowel_Change_in_Präsens
he blows - Vowel Change in Präsens	a → ä	blasen	B1	Der Wind bläst stark.	The wind blows strongly	Vowel_Change_in_Präsens
he fries - Vowel Change in Präsens	a → ä	braten	A2	Sie brät die Fischfilets.	She fries the fish fillets.	Vowel_Change_in_Präsens
he breaks - Vowel Change in Präsens	e → i	brechen	A1	Er bricht das Glas.	He breaks the glass.	Vowel_Change_in_Präsens
he thrashes - Vowel Change in Präsens	e → i	dreschen	B2	Der Bauer drosch das Korn auf dem Feld.	The farmer threshes the grain in the field.	Vowel_Change_in_Präsens
he is allowed - Vowel Change in Präsens	ü → a (all singular forms)	dürfen	A1	Sie darf das Konzert besuchen.	She is allowed to attend the concert.	Vowel_Change_in_Präsens
he recommends - Vowel Change in Präsens	e → ie	empfehlen	B1	Er empfiehlt das Restaurant.	He recommends the restaurant.	Vowel_Change_in_Präsens
he frightens - Vowel Change in Präsens	e → i	erschrecken*	B1	Das laute Geräusch erschreckt sie.	The loud noise startles her.	Vowel_Change_in_Präsens
he eats - Vowel Change in Präsens	e → i	essen	A1	Er isst einen Apfel.	He eats an apple.	Vowel_Change_in_Präsens
he drives - Vowel Change in Präsens	a → ä	fahren	A1	Sie fährt schnell.	She drives fast.	Vowel_Change_in_Präsens
he falls - Vowel Change in Präsens	a → ä	fallen	A1	Die Träne fällt leise auf ihre Wange.	The tear falls silently onto her cheek.	Vowel_Change_in_Präsens
he catches - Vowel Change in Präsens	a → ä	fangen	A2	Er fängt den Ball.	He catches the ball.	Vowel_Change_in_Präsens
he devours - Vowel Change in Präsens	e → i	fressen	A1	Der Wolf frisst das Fleisch.	The wolf eats the meat.	Vowel_Change_in_Präsens
she bears - Vowel Change in Präsens	ä → ie	gebären	C1	Die Bärin gebärt zwei Junge.	The bear gives birth to two cubs.	Vowel_Change_in_Präsens
he gives - Vowel Change in Präsens	e → i	geben	A1	Sie gibt ihm ein Geschenk.	She gives him a gift.	Vowel_Change_in_Präsens
it pertains - Vowel Change in Präsens	e → i	gelten	B2	Diese Regel gilt für alle.	This rule applies to everyone.	Vowel_Change_in_Präsens
it happens - Vowel Change in Präsens	e → ie	geschehen	B2	Es geschieht jeden Tag.	It happens every day.	Vowel_Change_in_Präsens
he digs - Vowel Change in Präsens	a → ä	graben	B1	Er gräbt ein Loch.	He digs a hole.	Vowel_Change_in_Präsens
he holds - Vowel Change in Präsens	a → ä	halten	A1	Er hält die Tür offen.	He holds the door open.	Vowel_Change_in_Präsens
she helps - Vowel Change in Präsens	e → i	helfen	A1	Sie hilft ihrem Nachbarn.	She helps her neighbor.	Vowel_Change_in_Präsens
he can - Vowel Change in Präsens	ö → a (all singular forms)	können	A1	Er kann gut schwimmen.	He can swim well.	Vowel_Change_in_Präsens
he loads - Vowel Change in Präsens	a → ä	laden	A2	Sie lädt den Koffer ins Auto.	She loads the suitcase into the car.	Vowel_Change_in_Präsens
he lets - Vowel Change in Präsens	a → ä	lassen	A1	Er lässt den Hund frei laufen.	He lets the dog run free.	Vowel_Change_in_Präsens
he runs - Vowel Change in Präsens	a → ä	laufen	A1	Das Kind läuft schnell im Park.	The child runs quickly in the park.	Vowel_Change_in_Präsens
she reads - Vowel Change in Präsens	e → ie	lesen	A1	Sie liest ein Buch.	She reads a book.	Vowel_Change_in_Präsens
he measures - Vowel Change in Präsens	e → i	messen	B1	Er misst die Länge des Tisches.	He measures the length of the table.	Vowel_Change_in_Präsens
he likes - Vowel Change in Präsens	ö → a (all singular forms)	mögen	A1	Sie mag Schokolade.	She likes chocolate.	Vowel_Change_in_Präsens
he must - Vowel Change in Präsens	ü → u (all singular forms)	müssen	A1	Er muss zur Arbeit gehen.	He must go to work.	Vowel_Change_in_Präsens
he takes - Vowel Change in Präsens	e → i	nehmen	A1	Sie nimmt das Buch mit.	She takes the book with her.	Vowel_Change_in_Präsens
it gushes - Vowel Change in Präsens	e → i	quellen	C1	Das Wasser quillt aus der Quelle.	The water wells up from the spring.	Vowel_Change_in_Präsens
he guesses - Vowel Change in Präsens	a → ä	raten	B1	Er rät ihr die richtige Antwort.	He guesses/advises her the correct answer.	Vowel_Change_in_Präsens
he guzzles - Vowel Change in Präsens	a → ä	saufen	B2	Er säuft das Bier in einem Zug.	He guzzles the beer in one go.	Vowel_Change_in_Präsens
she scolds - Vowel Change in Präsens	e → i	schelten	C1	Die Mutter schilt den ungezogenen Jungen.	The mother scolds the naughty boy.	Vowel_Change_in_Präsens
he sleeps - Vowel Change in Präsens	a → ä	schlafen	A1	Er schläft tief und fest.	He sleeps deeply and soundly.	Vowel_Change_in_Präsens
he hits - Vowel Change in Präsens	a → ä	schlagen	A1	Sie schlägt den Ball weit.	She hits the ball far.	Vowel_Change_in_Präsens
it melts - Vowel Change in Präsens	e → i	schmelzen	B1	Das Eis schmilzt in der Sonne.	The ice melts in the sun.	Vowel_Change_in_Präsens
it swells - Vowel Change in Präsens	e → i	schwellen	C1	Der Fluss schwillt nach dem Regen an.	The river swells after the rain.	Vowel_Change_in_Präsens
she sees - Vowel Change in Präsens	e → ie	sehen	A1	Sie sieht die Berge in der Ferne.	She sees the mountains in the distance.	Vowel_Change_in_Präsens
she is - Vowel Change in Präsens	irregular (ich bin, du bist, …)	sein	A1	Sie ist meine Schwester.	She is my sister.	Vowel_Change_in_Präsens
he speaks - Vowel Change in Präsens	e → i	sprechen	A1	Er spricht mehrere Sprachen.	He speaks several languages.	Vowel_Change_in_Präsens
he stabs - Vowel Change in Präsens	e → i	stechen	A2	Der Arzt sticht die Nadel in den Arm.	The doctor pricks the needle into the arm.	Vowel_Change_in_Präsens
he steals - Vowel Change in Präsens	e → ie	stehlen	A2	Der Dieb stiehlt das Geld.	The thief steals the money.	Vowel_Change_in_Präsens
he dies - Vowel Change in Präsens	e → i	sterben	A1	Die Blume stirbt ohne Wasser.	The flower dies without water.	Vowel_Change_in_Präsens
she carries, wears - Vowel Change in Präsens	a → ä	tragen	A1	Sie trägt eine schöne Bluse.	She wears a beautiful blouse.	Vowel_Change_in_Präsens
she meets - Vowel Change in Präsens	e → i	treffen	A1	Wir treffen uns am Bahnhof.	We meet at the train station.	Vowel_Change_in_Präsens
he steps - Vowel Change in Präsens	e → i (+tt); du trittst	treten	A2	Er tritt auf die Bremse.	He steps on the brake.	Vowel_Change_in_Präsens
he spoils - Vowel Change in Präsens	e → i	verderben	C1	Die Milch ist verdorben.	The milk is spoiled.	Vowel_Change_in_Präsens
he forgets - Vowel Change in Präsens	e → i	vergessen	A1	Sie vergisst ihren Schlüssel.	She forgets her key.	Vowel_Change_in_Präsens
he grows - Vowel Change in Präsens	a → ä	wachsen	A1	Die Pflanzen wachsen im Garten.	The plants grow in the garden.	Vowel_Change_in_Präsens
he washes - Vowel Change in Präsens	a → ä	waschen	A1	Sie wäscht die schmutzige Wäsche.	She washes the dirty laundry.	Vowel_Change_in_Präsens
he advertises - Vowel Change in Präsens	e → i	werben	B1	Die Firma wirbt für ihr neues Produkt.	The company advertises its new product.	Vowel_Change_in_Präsens
it becomes - Vowel Change in Präsens	e → i; irregular: du wirst	werden	A1	Er wird ein berühmter Schauspieler.	He becomes a famous actor.	Vowel_Change_in_Präsens
he throws - Vowel Change in Präsens	e → i	werfen	A1	Sie wirft den Ball weit.	She throws the ball far.	Vowel_Change_in_Präsens
he knows - Vowel Change in Präsens	i → ei (all singular forms)	wissen	A1	Er weiß die Antwort auf die Frage.	He knows the answer to the question.	Vowel_Change_in_Präsens
he wants - Vowel Change in Präsens	o → i (all singular forms)	wollen	A1	Sie will ein Eis essen.	She wants to eat ice cream.	Vowel_Change_in_Präsens